{
  "project_info": {
    "project_number": "61068585803",
    "project_id": "facedetection-c4b89",
    "storage_bucket": "facedetection-c4b89.appspot.com"
  },
  "client": [
    {
      "client_info": {
        "mobilesdk_app_id": "1:61068585803:android:f8d7fd6f0885f8050f56ce",
        "android_client_info": {
          "package_name": "com.example.facedetection"
        }
      },
      "oauth_client": [
        {
          "client_id": "61068585803-druee7eaoijrqcjuia1lsr1dc1tun8gb.apps.googleusercontent.com",
          "client_type": 3
        }
      ],
      "api_key": [
        {
          "current_key": "AIzaSyANmICNyx4mm_tIuaZ1jiBehiKQtCE4kTA"
        }
      ],
      "services": {
        "appinvite_service": {
          "other_platform_oauth_client": [
            {
              "client_id": "61068585803-druee7eaoijrqcjuia1lsr1dc1tun8gb.apps.googleusercontent.com",
              "client_type": 3
            }
          ]
        }
      }
    }
  ],
  "configuration_version": "1"
}